{"cameraMode":{"drawMode":0,"name":"Shaded","section":"Shading Mode"},"sceneLighting":true,"audioPlay":false,"sceneViewState":{"showFog":false,"showMaterialUpdate":true,"showSkybox":false,"showFlares":true,"showImageEffects":false,"showParticleSystems":true},"in2DMode":false,"pivot":{"x":-12.361008644104004,"y":-0.5735349655151367,"z":13.759747505187989},"rotation":{"x":-0.040786899626255038,"y":0.9436898827552795,"z":-0.30280646681785586,"w":-0.12703163921833039},"size":11.994183540344239,"orthographic":true}