{"cameraMode":{"drawMode":0,"name":"Shaded","section":"Shading Mode"},"sceneLighting":true,"audioPlay":false,"sceneViewState":{"showFog":false,"showMaterialUpdate":true,"showSkybox":false,"showFlares":true,"showImageEffects":false,"showParticleSystems":true},"in2DMode":false,"pivot":{"x":-11.91165828704834,"y":2.69885516166687,"z":13.480569839477539},"rotation":{"x":-0.051770951598882678,"y":-0.915293276309967,"z":0.3794489800930023,"w":-0.12487219274044037},"size":27.940204620361329,"orthographic":true}